{
  "version": "1.0.0",
  "platformVersion": "7.6.1",
  "authentication": {
    "type": "custom",
    "fields": [
      {
        "key": "apiKey",
        "type": "string"
      }
    ],
    "test": "$func$2$f$"
  },
  "beforeRequest": [
    "$func$3$f$"
  ],
  "afterResponse": [],
  "resources": {},
  "triggers": {
    "recipe": {
      "key": "recipe",
      "noun": "Recipe",
      "display": {
        "label": "New Recipe",
        "description": "Trigger when a new recipe is added."
      },
      "operation": {
        "inputFields": [
          {
            "key": "style",
            "type": "string",
            "required": false
          }
        ],
        "perform": "$func$2$f$",
        "sample": {
          "id": 1,
          "createdAt": 1472069465,
          "name": "Best Spagetti Ever",
          "authorId": 1,
          "directions": "1. Boil Noodles\n2. Serve with sauce",
          "style": "itallian"
        }
      }
    }
  },
  "searches": {},
  "creates": {},
  "searchOrCreates": {}
}